stage,arm,candidate_id,seed,status,representation,C,max_features,min_df,train_accuracy,train_macro_f1,validation_accuracy,validation_macro_f1,validation_weighted_f1,fit_seconds,train_prediction_seconds,validation_prediction_seconds,feature_prep_wall_seconds_including_cache_lookup,cold_feature_seconds_estimate,cold_total_seconds_estimate,cold_time_estimate_basis,total_candidate_seconds,actual_features,train_csr_storage_nbytes,validation_csr_storage_nbytes,coef_nbytes,intercept_nbytes,parameter_count,warnings,error
stage1,A_max_features,word_mf20k_md1_C1,42,completed,word_only,1.0,20000,1,0.999660671869698,0.9996602912701802,0.9402985074626866,0.9403410595794117,0.9402837547181222,0.19690516695845872,0.004070374998264015,0.0008502500131726265,0.5905012920266017,0.5904156669275835,0.7922414588974789,"Sum of the first measured fit+transform time for each cached branch in this split, plus this candidate's combine/normalize and estimator timings; reconstructed cold path estimate, not a separate wall-clock run.",0.8014334579929709,20000,9683652,2410508,1600000,80,200010,[],
stage1,A_max_features,word_mf40k_md1_C1,42,completed,word_only,1.0,40000,1,0.999830335934849,0.9998306519898392,0.9423337856173677,0.9423052725595069,0.9422748756130395,0.38851037505082786,0.008856583037413657,0.000995167065411806,0.6559920830186456,0.6557909590192139,1.0541530841728672,"Sum of the first measured fit+transform time for each cached branch in this split, plus this candidate's combine/normalize and estimator timings; reconstructed cold path estimate, not a separate wall-clock run.",1.0638428339734674,40000,10234944,2509364,3200000,80,400010,[],
stage1,A_max_features,word_mf80k_md1_C1,42,completed,word_only,1.0,80000,1,0.999830335934849,0.9998306519898392,0.9457259158751696,0.9456250503632819,0.9455759988250925,0.4893564999802038,0.010976750054396689,0.0024306250270456076,0.8826607500668615,0.8825565830338746,1.3853204580955207,"Sum of the first measured fit+transform time for each cached branch in this split, plus this candidate's combine/normalize and estimator timings; reconstructed cold path estimate, not a separate wall-clock run.",1.395867665996775,80000,10753632,2556452,6400000,80,800010,[],
stage1,A_max_features,word_mfall_md1_C1,42,completed,word_only,1.0,,1,0.999830335934849,0.9998306519898392,0.9450474898236092,0.9449953963541352,0.9449331853285542,0.33393837499897927,0.005410249927081168,0.0011199999134987593,1.1495826670434326,1.1494605839252472,1.4899292087648064,"Sum of the first measured fit+transform time for each cached branch in this split, plus this candidate's combine/normalize and estimator timings; reconstructed cold path estimate, not a separate wall-clock run.",1.498719625058584,99898,10992408,2576984,7991840,80,998990,[],
stage1,B_min_df,word_mf80k_md1_C1,42,completed,word_only,1.0,80000,1,0.999830335934849,0.9998306519898392,0.9457259158751696,0.9456250503632819,0.9455759988250925,0.4893564999802038,0.010976750054396689,0.0024306250270456076,0.8826607500668615,0.8825565830338746,1.3853204580955207,"Sum of the first measured fit+transform time for each cached branch in this split, plus this candidate's combine/normalize and estimator timings; reconstructed cold path estimate, not a separate wall-clock run.",1.395867665996775,80000,10753632,2556452,6400000,80,800010,[],
stage1,B_min_df,word_mf80k_md2_C1,42,completed,word_only,1.0,80000,2,0.999830335934849,0.9998306519898392,0.9430122116689281,0.9430588669022967,0.9430221988142301,0.3858442079508677,0.0040267499862238765,0.0010252499487251043,0.9473523340420797,0.9472559998976067,1.3381522077834234,"Sum of the first measured fit+transform time for each cached branch in this split, plus this candidate's combine/normalize and estimator timings; reconstructed cold path estimate, not a separate wall-clock run.",1.347048916039057,38176,10251744,2512736,3054080,80,381770,[],
stage1,B_min_df,word_mf80k_md3_C1,42,completed,word_only,1.0,80000,3,0.999830335934849,0.9998306519898392,0.9409769335142469,0.9410085005235314,0.9409680031023597,0.21939591690897942,0.0032919999212026596,0.0008496249793097377,0.780042374972254,0.7799638749565929,1.0035014167660847,"Sum of the first measured fit+transform time for each cached branch in this split, plus this candidate's combine/normalize and estimator timings; reconstructed cold path estimate, not a separate wall-clock run.",1.0119290000293404,25864,9956256,2465984,2069120,80,258650,[],
stage1,C_svm_C,word_mf80k_md1_C1,42,completed,word_only,1.0,80000,1,0.999830335934849,0.9998306519898392,0.9457259158751696,0.9456250503632819,0.9455759988250925,0.4893564999802038,0.010976750054396689,0.0024306250270456076,0.8826607500668615,0.8825565830338746,1.3853204580955207,"Sum of the first measured fit+transform time for each cached branch in this split, plus this candidate's combine/normalize and estimator timings; reconstructed cold path estimate, not a separate wall-clock run.",1.395867665996775,80000,10753632,2556452,6400000,80,800010,[],
stage1,C_svm_C,word_mf80k_md1_C0p5,42,completed,word_only,0.5,80000,1,0.999151679674245,0.9991521037244346,0.9457259158751696,0.9457841154331185,0.945727605173385,0.21046141698025167,0.004050250048749149,0.0008961670100688934,1.291697844862938e-05,0.8825565830338746,1.0979644170729443,"Sum of the first measured fit+transform time for each cached branch in this split, plus this candidate's combine/normalize and estimator timings; reconstructed cold path estimate, not a separate wall-clock run.",0.2232971250778064,80000,10753632,2556452,6400000,80,800010,[],
stage1,C_svm_C,word_mf80k_md1_C2,42,completed,word_only,2.0,80000,1,0.999830335934849,0.9998306519898392,0.9443690637720489,0.9443347138348475,0.9442824463584045,0.3450062919873744,0.0039771250449121,0.0008728340035304427,1.0457937605679035e-05,0.8825565830338746,1.2324128340696916,"Sum of the first measured fit+transform time for each cached branch in this split, plus this candidate's combine/normalize and estimator timings; reconstructed cold path estimate, not a separate wall-clock run.",0.3577763329958543,80000,10753632,2556452,6400000,80,800010,[],
baseline_reference,baseline,word_mf20k_md1_C1,42,completed,word_only,1.0,20000,1,0.999660671869698,0.9996602912701802,0.9402985074626866,0.9403410595794117,0.9402837547181222,0.19690516695845872,0.004070374998264015,0.0008502500131726265,0.5905012920266017,0.5904156669275835,0.7922414588974789,"Sum of the first measured fit+transform time for each cached branch in this split, plus this candidate's combine/normalize and estimator timings; reconstructed cold path estimate, not a separate wall-clock run.",0.8014334579929709,20000,9683652,2410508,1600000,80,200010,[],
stage2,word_only,word_mf80k_md1_C0p5,42,completed,word_only,0.5,80000,1,0.999151679674245,0.9991521037244346,0.9457259158751696,0.9457841154331185,0.945727605173385,0.21046141698025167,0.004050250048749149,0.0008961670100688934,1.291697844862938e-05,0.8825565830338746,1.0979644170729443,"Sum of the first measured fit+transform time for each cached branch in this split, plus this candidate's combine/normalize and estimator timings; reconstructed cold path estimate, not a separate wall-clock run.",0.2232971250778064,80000,10753632,2556452,6400000,80,800010,[],
stage2,char_only,char_only,42,completed,char_only,0.5,,,0.998642687478792,0.9986446304874763,0.9355495251017639,0.9359146922758226,0.9358772002220402,2.0281262500211596,0.03613662510178983,0.010307625052519143,9.362562333000824,9.36237687501125,11.436947375186719,"Sum of the first measured fit+transform time for each cached branch in this split, plus this candidate's combine/normalize and estimator timings; reconstructed cold path estimate, not a separate wall-clock run.",11.446026625111699,80000,115249500,29022584,6400000,80,800010,[],
stage2,fusion_w1_c025,fusion_w1_c025,42,completed,fusion,0.5,80000,1,0.999151679674245,0.9991521037244346,0.9457259158751696,0.9457717519481615,0.9457134210830374,2.4493120000697672,0.04304775001946837,0.012523417011834681,0.0803271250333637,10.32524308306165,12.83012625016272,"Sum of the first measured fit+transform time for each cached branch in this split, plus this candidate's combine/normalize and estimator timings; reconstructed cold path estimate, not a separate wall-clock run.",2.5932861249893904,160000,125979552,31573136,12800000,80,1600010,[],
stage2,fusion_w1_c05,fusion_w1_c05,42,completed,fusion,0.5,80000,1,0.9989820156090939,0.9989828991078105,0.9477611940298507,0.9478777109388208,0.9478281402222387,2.375222250004299,0.04107995796948671,0.00995829189196229,0.06340637500397861,10.30832274898421,12.734583248849958,"Sum of the first measured fit+transform time for each cached branch in this split, plus this candidate's combine/normalize and estimator timings; reconstructed cold path estimate, not a separate wall-clock run.",2.4977544579887763,160000,125979552,31573136,12800000,80,1600010,[],
stage2,fusion_w1_c1,fusion_w1_c1,42,completed,fusion,0.5,80000,1,0.998812351543943,0.9988135503691457,0.9484396200814111,0.9486188743693132,0.9485817926043588,2.297710874932818,0.04388579190708697,0.010458832955919206,0.06235187500715256,10.3072667500237,12.659322249819525,"Sum of the first measured fit+transform time for each cached branch in this split, plus this candidate's combine/normalize and estimator timings; reconstructed cold path estimate, not a separate wall-clock run.",2.422411874984391,160000,125979552,31573136,12800000,80,1600010,[],
stage2,fusion_w05_c1,fusion_w05_c1,42,completed,fusion,0.5,80000,1,0.998812351543943,0.9988135503691457,0.9409769335142469,0.9411537053372637,0.9411153111207231,2.2548007499426603,0.04139437491539866,0.010053791105747223,0.07157233299221843,10.316486416966654,12.62273533293046,"Sum of the first measured fit+transform time for each cached branch in this split, plus this candidate's combine/normalize and estimator timings; reconstructed cold path estimate, not a separate wall-clock run.",2.385844459058717,160000,125979552,31573136,12800000,80,1600010,[],
stage3,baseline,word_mf20k_md1_C1,17,completed,word_only,1.0,20000,1,0.999491007804547,0.9994909428954586,0.9436906377204884,0.9436650398664647,0.9436668596646298,0.21290345897432417,0.0031408750219270587,0.0007987089920789003,0.5914399579633027,0.5913614998571575,0.8082045428454876,"Sum of the first measured fit+transform time for each cached branch in this split, plus this candidate's combine/normalize and estimator timings; reconstructed cold path estimate, not a separate wall-clock run.",0.8165007090428844,20000,9636168,2457344,1600000,80,200010,[],
stage3,best_word,word_mf80k_md1_C0p5,17,completed,word_only,0.5,80000,1,0.9989820156090939,0.9989830401941017,0.9511533242876526,0.9512140728077247,0.9512124527836958,0.20394595805555582,0.004387416993267834,0.0009047080529853702,0.6534866659203544,0.6534097921103239,0.8626478752121329,"Sum of the first measured fit+transform time for each cached branch in this split, plus this candidate's combine/normalize and estimator timings; reconstructed cold path estimate, not a separate wall-clock run.",0.8708034579176456,80000,10681512,2631080,6400000,80,800010,[],
stage3,char_only,char_only,17,completed,char_only,0.5,,,0.998473023413641,0.9984754256273997,0.9518317503392131,0.951886561516539,0.9518362462316764,1.9967839160235599,0.0353190409950912,0.009366625105030835,9.009938874980435,9.009850042988546,11.051319625112228,"Sum of the first measured fit+transform time for each cached branch in this split, plus this candidate's combine/normalize and estimator timings; reconstructed cold path estimate, not a separate wall-clock run.",11.059575582970865,80000,115136592,29561132,6400000,80,800010,[],
stage3,best_fusion,fusion_w1_c1,17,completed,fusion,0.5,80000,1,0.998812351543943,0.9988136932751572,0.9552238805970149,0.9552293167047787,0.9551920707334329,2.3479792090365663,0.04706795804668218,0.011644540936686099,0.07102183403912932,9.734264585189521,12.140956293209456,"Sum of the first measured fit+transform time for each cached branch in this split, plus this candidate's combine/normalize and estimator timings; reconstructed cold path estimate, not a separate wall-clock run.",2.48580620798748,160000,125794524,32186312,12800000,80,1600010,[],
stage3,baseline,word_mf20k_md1_C1,29,completed,word_only,1.0,20000,1,0.999491007804547,0.9994919541467077,0.9369063772048847,0.9372894016835595,0.9372347082531016,0.20890724996570498,0.003131791017949581,0.0007672919891774654,0.59434383304324,0.5942685410846025,0.8070748740574345,"Sum of the first measured fit+transform time for each cached branch in this split, plus this candidate's combine/normalize and estimator timings; reconstructed cold path estimate, not a separate wall-clock run.",0.8151412090519443,20000,9717000,2388140,1600000,80,200010,[],
stage3,best_word,word_mf80k_md1_C0p5,29,completed,word_only,0.5,80000,1,0.999151679674245,0.999153258126386,0.9430122116689281,0.9433474162056154,0.9433125527034236,0.21103108301758766,0.00497470807749778,0.0010210409527644515,0.594061249983497,0.5939869579160586,0.8110137899639085,"Sum of the first measured fit+transform time for each cached branch in this split, plus this candidate's combine/normalize and estimator timings; reconstructed cold path estimate, not a separate wall-clock run.",0.8197114580543712,80000,10765764,2542424,6400000,80,800010,[],
stage3,char_only,char_only,29,completed,char_only,0.5,,,0.99830335934849,0.9983069381916672,0.9308005427408412,0.9313328768841889,0.9312958426476622,2.0345559999113902,0.04188662499655038,0.012240750016644597,9.197976458002813,9.19788500003051,11.286568374955095,"Sum of the first measured fit+transform time for each cached branch in this split, plus this candidate's combine/normalize and estimator timings; reconstructed cold path estimate, not a separate wall-clock run.",11.29514158400707,80000,115912536,28910828,6400000,80,800010,[],
stage3,best_fusion,fusion_w1_c1,29,completed,fusion,0.5,80000,1,0.9989820156090939,0.998983908298964,0.94640434192673,0.9468026271144119,0.9467811207838941,2.3992879160214216,0.04897854197770357,0.010169166955165565,0.08978366700466722,9.881630458054133,12.340066083008423,"Sum of the first measured fit+transform time for each cached branch in this split, plus this candidate's combine/normalize and estimator timings; reconstructed cold path estimate, not a separate wall-clock run.",2.556418791995384,160000,126654720,31447352,12800000,80,1600010,[],
stage3,baseline,word_mf20k_md1_C1,53,completed,word_only,1.0,20000,1,0.999660671869698,0.999660291148454,0.9389416553595658,0.9387882413001483,0.9387334901546875,0.20478095801081508,0.0031571249710395932,0.0007974579930305481,0.6139671669807285,0.6138852079166099,0.8226207488914952,"Sum of the first measured fit+transform time for each cached branch in this split, plus this candidate's combine/normalize and estimator timings; reconstructed cold path estimate, not a separate wall-clock run.",0.8308308339910582,20000,9665412,2429048,1600000,80,200010,[],
stage3,best_word,word_mf80k_md1_C0p5,53,completed,word_only,0.5,80000,1,0.999491007804547,0.999490076656486,0.9436906377204884,0.9437307434371072,0.9436623869804325,0.20529100007843226,0.004124875064007938,0.0008942499989643693,0.5903432079358026,0.5902604588773102,0.8005705840187147,"Sum of the first measured fit+transform time for each cached branch in this split, plus this candidate's combine/normalize and estimator timings; reconstructed cold path estimate, not a separate wall-clock run.",0.808909083949402,80000,10710444,2603972,6400000,80,800010,[],
stage3,char_only,char_only,53,completed,char_only,0.5,,,0.998642687478792,0.9986438988068451,0.9409769335142469,0.9409922015146975,0.940938991268492,2.0091689999680966,0.035749334027059376,0.009038624935783446,8.53342450002674,8.533336209016852,10.587293167947792,"Sum of the first measured fit+transform time for each cached branch in this split, plus this candidate's combine/normalize and estimator timings; reconstructed cold path estimate, not a separate wall-clock run.",10.595702624996193,80000,115147584,29233724,6400000,80,800010,[],
stage3,best_fusion,fusion_w1_c1,53,completed,fusion,0.5,80000,1,0.999321343739396,0.9993214507607835,0.9477611940298507,0.9476944898421417,0.947673233692869,2.3293948749778792,0.047439665999263525,0.012137208017520607,0.07265700004063547,9.196236917865463,11.585208666860126,"Sum of the first measured fit+transform time for each cached branch in this split, plus this candidate's combine/normalize and estimator timings; reconstructed cold path estimate, not a separate wall-clock run.",2.470087542082183,160000,125834448,31831796,12800000,80,1600010,[],
stage3,baseline,word_mf20k_md1_C1,89,completed,word_only,1.0,20000,1,0.999491007804547,0.9994919541467077,0.932157394843962,0.9323972860260412,0.9323661358411385,0.2083710830193013,0.0031529159750789404,0.0007949999999254942,0.6054172499570996,0.6053292499855161,0.8176482489798218,"Sum of the first measured fit+transform time for each cached branch in this split, plus this candidate's combine/normalize and estimator timings; reconstructed cold path estimate, not a separate wall-clock run.",0.8256764159305021,20000,9636384,2465756,1600000,80,200010,[],
stage3,best_word,word_mf80k_md1_C0p5,89,completed,word_only,0.5,80000,1,0.999151679674245,0.9991535444290236,0.9335142469470827,0.9336166219317032,0.9335656881861267,0.19948712503537536,0.003991625038906932,0.0008974589873105288,0.6041859169490635,0.6040991259505972,0.80847533501219,"Sum of the first measured fit+transform time for each cached branch in this split, plus this candidate's combine/normalize and estimator timings; reconstructed cold path estimate, not a separate wall-clock run.",0.816651500063017,80000,10675620,2637404,6400000,80,800010,[],
stage3,char_only,char_only,89,completed,char_only,0.5,,,0.998642687478792,0.9986453393926954,0.9328358208955224,0.9331724375812327,0.9331093205383082,2.031256041955203,0.036155832931399345,0.009686999954283237,8.890759540954605,8.89066900103353,10.967767875874415,"Sum of the first measured fit+transform time for each cached branch in this split, plus this candidate's combine/normalize and estimator timings; reconstructed cold path estimate, not a separate wall-clock run.",10.9763465001015,80000,115198908,29528156,6400000,80,800010,[],
stage3,best_fusion,fusion_w1_c1,89,completed,fusion,0.5,80000,1,0.999151679674245,0.9991535444290236,0.9409769335142469,0.9413303630402838,0.9413326249965395,2.5768667499069124,0.04744862497318536,0.012428916990756989,0.08163383300416172,9.576380294049159,12.213124585920013,"Sum of the first measured fit+transform time for each cached branch in this split, plus this candidate's combine/normalize and estimator timings; reconstructed cold path estimate, not a separate wall-clock run.",2.7282872080104426,160000,125850948,32159660,12800000,80,1600010,[],
stage3,baseline,word_mf20k_md1_C1,149,completed,word_only,1.0,20000,1,0.999321343739396,0.9993215934270487,0.9457259158751696,0.9460598407165834,0.9459865041082276,0.2191058750031516,0.003373833023943007,0.0014300420880317688,0.6070851249387488,0.6070038339821622,0.8309135840972885,"Sum of the first measured fit+transform time for each cached branch in this split, plus this candidate's combine/normalize and estimator timings; reconstructed cold path estimate, not a separate wall-clock run.",0.8406062499852851,20000,9680736,2422820,1600000,80,200010,[],
stage3,best_word,word_mf80k_md1_C0p5,149,completed,word_only,0.5,80000,1,0.9989820156090939,0.99898188801582,0.9477611940298507,0.948053619521084,0.9479956613160012,0.2482031249674037,0.004878666019067168,0.0010044999653473496,0.6515541659900919,0.6514675420476124,0.9055538329994306,"Sum of the first measured fit+transform time for each cached branch in this split, plus this candidate's combine/normalize and estimator timings; reconstructed cold path estimate, not a separate wall-clock run.",0.9225043749902397,80000,10719696,2597396,6400000,80,800010,[],
stage3,char_only,char_only,149,completed,char_only,0.5,,,0.999151679674245,0.9991522460230507,0.9382632293080054,0.9385825204026566,0.9385336965314494,2.0300706250127405,0.03581745910923928,0.009593334048986435,8.881191207910888,8.881093124859035,10.956574543030001,"Sum of the first measured fit+transform time for each cached branch in this split, plus this candidate's combine/normalize and estimator timings; reconstructed cold path estimate, not a separate wall-clock run.",10.96571658400353,80000,115804908,28965248,6400000,80,800010,[],
stage3,best_fusion,fusion_w1_c1,149,completed,fusion,0.5,80000,1,0.999151679674245,0.9991522460230507,0.9484396200814111,0.9487554779909875,0.9487096388107799,2.364842417067848,0.049828457995317876,0.012949374970048666,0.06944591598585248,9.60198841698002,12.029608667013235,"Sum of the first measured fit+transform time for each cached branch in this split, plus this candidate's combine/normalize and estimator timings; reconstructed cold path estimate, not a separate wall-clock run.",2.5058135840808973,160000,126501024,31556744,12800000,80,1600010,[],
