seed,arm,reference_arm,arm_macro_f1,baseline_macro_f1,paired_delta_macro_f1,paired_delta_accuracy
17,baseline,baseline,0.9436650398664647,0.9436650398664647,0.0,0.0
29,baseline,baseline,0.9372894016835595,0.9372894016835595,0.0,0.0
53,baseline,baseline,0.9387882413001483,0.9387882413001483,0.0,0.0
89,baseline,baseline,0.9323972860260412,0.9323972860260412,0.0,0.0
149,baseline,baseline,0.9460598407165834,0.9460598407165834,0.0,0.0
17,best_word,baseline,0.9512140728077247,0.9436650398664647,0.007549032941260081,0.007462686567164201
29,best_word,baseline,0.9433474162056154,0.9372894016835595,0.006058014522055899,0.006105834464043447
53,best_word,baseline,0.9437307434371072,0.9387882413001483,0.004942502136958904,0.004748982360922693
89,best_word,baseline,0.9336166219317032,0.9323972860260412,0.0012193359056620334,0.0013568521031207537
149,best_word,baseline,0.948053619521084,0.9460598407165834,0.001993778804500579,0.002035278154681075
17,char_only,baseline,0.951886561516539,0.9436650398664647,0.008221521650074393,0.008141112618724633
29,char_only,baseline,0.9313328768841889,0.9372894016835595,-0.005956524799370588,-0.006105834464043447
53,char_only,baseline,0.9409922015146975,0.9387882413001483,0.002203960214549272,0.002035278154681186
89,char_only,baseline,0.9331724375812327,0.9323972860260412,0.0007751515551914778,0.0006784260515604323
149,char_only,baseline,0.9385825204026566,0.9460598407165834,-0.007477320313926894,-0.007462686567164201
17,best_fusion,baseline,0.9552293167047787,0.9436650398664647,0.01156427683831407,0.011533242876526462
29,best_fusion,baseline,0.9468026271144119,0.9372894016835595,0.009513225430852423,0.009497964721845276
53,best_fusion,baseline,0.9476944898421417,0.9387882413001483,0.0089062485419934,0.008819538670284954
89,best_fusion,baseline,0.9413303630402838,0.9323972860260412,0.008933077014242619,0.008819538670284954
149,best_fusion,baseline,0.9487554779909875,0.9460598407165834,0.002695637274404028,0.0027137042062415073
